First Last,First,Last,Company,Domain
Rajeev Samant,Rajeev,Samant,Samant Soma Wines Ltd.,www.sulawines.com
Karan Motla,Karan,Motla,Roopkala,www.roopkalasarees.com
Saifuddin Hajee,Saifuddin,Hajee,As Shipcare (India) Private Limited,www.shmgroup.com
Pravesh Vishwakarma,Pravesh,Vishwakarma,Shaze Luxury Retail Pvt. Ltd.,www.shaze.in
Vishal Dutta,Vishal,Dutta,Sannam S4,www.sannams4.com
Aman Deep Dubey,Aman,Dubey,Learn Tech,www.learntech.in
Pavers England,Pavers,England,Pavers England Limited,www.paversengland.com
Prasanna Shetty,Prasanna,Shetty,TDF Diamonds & Gold,www.tdfjewellery.com
Clint John,Clint,John,Thomson Trading Agencies - India,www.thomsontrading.in
Rakesh Kumar Chopra,Rakesh,Chopra,Chemco Group,www.chemcogroup.com
Pankaj Jain,Pankaj,Jain,V5 Global Services Private Limited.,www.v5global.com
Ramsey Cherny,Ramsey,Cherny,Cinerama private limited (Cinebels),www.cinebels.com
Shashwat Trivedi,Shashwat,Trivedi,The Creative Key,www.thecreativekey.com
Subash Annam,Subash,Annam,Sai Silks (Kalamandir) Private Limited,www.kalamandir.com
Ravi Shah,Ravi,Shah,Ankur Lighting,www.ankurlighting.com
Sreenivas Murthy,Sreenivas,Murthy,Adwit Global,www.adwitglobal.com
Deepak Gupta,Deepak,Gupta,"Visage Lines Personal Care Pvt Ltd, Inc.",www.bombayshavingcompany.com
Vipin Sethi,Vipin,Sethi,fashion matrix overseas,www.fashionmatrixoverseas.com
Udit Sood,Udit,Sood,EcoRight,www.ecorightbags.com
Ajit Kumar,,,Bharti Retail Limited (Easyday),www.easyday.in
