First Last,First,Last,Company,Domain
Steve Mayer,Steve,Mayer,"Bird Dog Bay, Inc.",www.birddogbay.com
George Millette,George,Millette,Garnish,www.garnishapparel.com
Steven Mercer,Steven,Mercer,"Da Kine Hawaii, Inc.",www.dakine.com
Alan Romick,Alan,Romick,"Headsweats, Inc.",www.headsweats.com
Leonardo Marangi,Leonardo,Marangi,Primo Fitness,www.primofitnessusa.com
Bj Klotz,Bj,Klotz,McU Sports,www.mcusports.com
Cordero Calleen,Cordero,Calleen,Calleen Cordero,www.calleencordero.com
Dustin Goss,Dustin,Goss,POW Inc.,www.powgloves.com
Josue Aminadab Rodriguez,Josue,Rodriguez,Diamond Supply Co.,www.diamondsupplyco.com
Leonard Serrani,Leonard,Serrani,Proskins Ltd,www.proskins.co
Sarah Wilkins,Sarah,Wilkins,Brackish,www.brackishbowties.com
Marvin Morgan,Marvin,Morgan,Fresh Ego Kid,www.freshegokid.com
Maria Grachvogel,Maria,Grachvogel,Maria Grachvogel,www.mariagrachvogel.com
Boyd Hildebrand,Boyd,Hildebrand,Tuxedo Wearhouse,www.tuxedowearhouse.com
Allie Mroczka,Allie,Mroczka,Alixandra Collections,www.shopalix.com
Madalyn Prior Hull,Madalyn,Hull,Alice Walk,www.alicewalk.com
Matthew John Lucero,Matthew,Lucero,Diamond Supply Co.,www.diamondsupplyco.com
Bob Giammanco,Bob,Giammanco,2 Xl Corporation,www.2xlcorp.com
Minttu Käenmäki,Minttu,Käenmäki,Emmy Clothing Company,www.emmy.fi
Kelley Lemke,Kelley,Lemke,Royal Jewelers Inc,www.royaljewelers.com
