First Last,First,Last,Company,Domain
Toni Petersson,Toni,Petersson,Oatly AB,www.oatly.com
David Marrama,David,Marrama,"Artistic Tile, Inc.",www.artistictile.com
Jonathan Levine,Jonathan,Levine,Master & Dynamic,www.masterdynamic.com
Tam Ravenhill,Tam,Ravenhill,"American Giant, Inc.",www.american-giant.com
David Casella,David,Casella,Troy Lee Designs,www.troyleedesigns.com
Avi Bajpai,Avi,Bajpai,Puffco,www.puffco.com
Susie Wang,Susie,Wang,Purity Cosmetics Inc.,www.100percentpure.com
Brian Thomas Linton,Brian,Linton,United By Blue Walnut Street LLC,www.unitedbyblue.com
Ida Andersson,Ida,Andersson,Oatly AB,www.oatly.com
Ashley Keller,Ashley,Keller,Blendtec,www.blendtec.com
Stacy Haase,Stacy,Haase,Beekman 1802,www.beekman1802.com
Roger Volodarsky,Roger,Volodarsky,Puffco,www.puffco.com
Dakota Payne,Dakota,Payne,Zippo,www.zippo.com
Alix Peabody,Alix,Peabody,Bev,www.drinkbev.com
Richard Henne,Richard,Henne,Ivory Ella,www.ivoryella.com
Melissa Palmer,Melissa,Palmer,OSEA Malibu,www.oseamalibu.com
Benjamin Lackey,Benjamin,Lackey,La Colombe,www.lacolombe.com
Lauren Lige,Lauren,Lige,Robert Graham,www.robertgraham.us
Michael Larrain,Michael,Larrain,"Carol Cole Company, Inc.",www.mynuface.com
Norbu Dolma Rose Globus,Norbu,Globus,"Heath Ceramics, Ltd.",www.heathceramics.com
