First Last,First,Last,Company,Domain,email,qualification,civility,company,company_linkedin,first_name,full_name,last_name,linkedin,naf5_code,naf5_des,nb_employees,phone,siren,siret,siret_address,siret_city,siret_zip,vat,website,mailQuery,mailTimestamp,error,company_results,company_turnover
Carl Cunow,Carl,Cunow,Onia,www.onia.com,carl@onia.com,nominative@pro,Mr,Onia,www.linkedin.com/company/onia-llc.,Carl,Carl Cunow,Cunow,www.linkedin.com/in/carl-cunow-888938b,68.20B,Location de terrains et d'autres biens immobiliers,Unités non employeuses,+1 800-220-6699,438807109,43880710900014,Rue Jules Auber,Saint-Denis,97400,FR01438807109,www.onia.com,Carl Cunow | Onia | www.onia.com,2021-09-11T01:20:18.526Z,,,
Michael Baker,Michael,Baker,Houndstooth Clothing,www.houndstooth.com,mbaker@houndstooth.com,nominative@pro,Mr,Houndstooth Clothing,www.linkedin.com/company/houndstooth-clothing-company,Michael,Michael Baker,Baker,www.linkedin.com/in/michael-baker-69671120,,,,,,,,,,,www.houndstooth.com,Michael Baker | Houndstooth Clothing | www.houndstooth.com,2021-09-11T01:20:25.865Z,,,
Colin Stocker,Colin,Stocker,Alpkit,www.alpkit.com,colin@alpkit.com,nominative@pro,Mr,Alpkit,www.linkedin.com/company/alpkit,Colin,Colin Stocker,Stocker,www.linkedin.com/in/colin-stocker-57b224b6,,,,+44 1773 417007,,,,,,,www.alpkit.com,Colin Stocker | Alpkit | www.alpkit.com,2021-09-11T01:20:32.008Z,,,
Paul Zyl,Paul,Zyl,"PeaceVentures, Inc.",www.maiyet.com,paul@maiyet.com,nominative@pro,Mr,"Peaceventures,",www.linkedin.com/company/maiyet,Paul,Paul Zyl,Zyl,,,,,,,,,,,,www.maiyet.com,"Paul Zyl | PeaceVentures, Inc. | www.maiyet.com",2021-09-11T01:20:45.280Z,,,
Stefan Holwe,Stefan,Holwe,Horizn Studios GmbH,www.horizn-studios.com,stefan@horizn-studios.com,nominative@pro,Mr,Horizn Studios,www.linkedin.com/company/horizn-studios,Stefan,Stefan Holwe,Holwe,www.linkedin.com/in/stefan-holwe-ba80a04,47.78C,Autres commerces de détail spécialisés divers,,,838840197,83884019700019,Rue Jean Allemane,Narbonne,11100,FR36838840197,www.horizn-studios.com,Stefan Holwe | Horizn Studios GmbH | www.horizn-studios.com,2021-09-11T01:20:52.312Z,,,
Boris Vaisman,Boris,Vaisman,Soxy.com,www.soxy.com,boris@soxy.com,nominative@pro,Mr,Soxy.com,www.linkedin.com/company/soxy-com,Boris,Boris Vaisman,Vaisman,www.linkedin.com/in/bvaisman,,,,,,,,,,,www.soxy.com,Boris Vaisman | Soxy.com | www.soxy.com,2021-09-11T01:21:04.236Z,,,
Lisa Dempsey,Lisa,Dempsey,Jac+ Jack,www.jacandjack.com,,,Mrs,Jac+ Jack,www.linkedin.com/company/jac-jack,Lisa,Lisa Dempsey,Dempsey,www.linkedin.com/in/lisa-dempsey-06821639,,,,,,,,,,,www.jacandjack.com,Lisa Dempsey | Jac+ Jack | www.jacandjack.com,2021-09-11T01:21:16.621Z,No email found,,
Alicia Yoon,Alicia,Yoon,"Peach and Lily, Inc.",www.peachandlily.com,alicia@peachandlily.com,nominative@pro,Mrs,"Peach And Lily,",www.linkedin.com/company/peach-and-lily,Alicia,Alicia Yoon,Yoon,www.linkedin.com/in/alicia-yoon-a182274a,,,,,,,,,,,www.peachandlily.com,"Alicia Yoon | Peach and Lily, Inc. | www.peachandlily.com",2021-09-11T01:21:24.032Z,,,
Jacopo Sebastio,Jacopo,Sebastio,Velasca s.r.l.,www.velasca.com,jacopo@velasca.com,nominative@pro,Mr,Velasca,www.linkedin.com/company/velasca,Jacopo,Jacopo Sebastio,Sebastio,www.linkedin.com/in/jacopo-sebastio-6213bb7,47.91A,Vente à distance sur catalogue général,,+1 929-384-6040,839861135,83986113500011,,,,FR75839861135,www.velasca.com,Jacopo Sebastio | Velasca s.r.l. | www.velasca.com,2021-09-11T01:21:30.098Z,,,
Jill Koplik,Jill,Koplik,Anne Koplik Designs,www.annekoplik.com,jill@annekoplik.com,nominative@pro,Mrs,Anne Koplik Designs,www.linkedin.com/company/anne-koplik-designs,Jill,Jill Koplik,Koplik,www.linkedin.com/in/jill-koplik-tellerman-12196a28,,,,,,,,,,,www.annekoplik.com,Jill Koplik | Anne Koplik Designs | www.annekoplik.com,2021-09-11T01:21:42.225Z,,,
Drew Denny,Drew,Denny,Fish Hippie,www.fishhippie.com,drew@fishhippie.com,nominative@pro,Mr,Fish Hippie,www.linkedin.com/company/fish-hippie,Drew,Drew Denny,Denny,www.linkedin.com/in/drew-denny-77432153,,,,+1 336-415-5165,,,,,,,www.fishhippie.com,Drew Denny | Fish Hippie | www.fishhippie.com,2021-09-11T01:21:48.720Z,,,
David Snyder,David,Snyder,Zephyr Athletic Footwear Incorporated,www.zephz.com,,,Mr,Zephyr Athletic Footwear Incorporated,www.linkedin.com/company/2145511,David,David Snyder,Snyder,,,,,,,,,,,,www.zephz.com,David Snyder | Zephyr Athletic Footwear Incorporated | www.zephz.com,2021-09-11T01:22:01.481Z,No email found,,
Claus Lindorff,Claus,Lindorff,Ron Dorff,www.rondorff.com,claus@rondorff.com,nominative@pro,Mr,Ron Dorff,www.linkedin.com/company/ron-dorff-paris-stockholm,Claus,Claus Lindorff,Lindorff,www.linkedin.com/in/claus-lindorff-b5a5794,70.22Z,Conseil pour les affaires et autres conseils de gestion,10-19,+33 9 77 40 14 00,507870921,50787092100040,5 Place André Malraux,Paris,75001,FR19507870921,www.rondorff.com,Claus Lindorff | Ron Dorff | www.rondorff.com,2021-09-11T01:22:08.354Z,,-803202,2491604
Murry Penner,Murry,Penner,M Penner,www.mpenner.com,murry@mpenner.com,nominative@pro,Mr,M Penner,www.linkedin.com/company/m-penner,Murry,Murry Penner,Penner,www.linkedin.com/in/murry-penner-b63a5723,,,,+1 713-527-8200,,,,,,,www.mpenner.com,Murry Penner | M Penner | www.mpenner.com,2021-09-11T01:22:14.713Z,,,
Lorraine Johnson,Lorraine,Johnson,Pyrus,www.pyrus-london.com,lorraine@pyrus-london.com,nominative@pro,Mrs,Pyrus,www.linkedin.com/company/pyrus,Lorraine,Lorraine Johnson,Johnson,www.linkedin.com/in/lorraine-johnson-75b25833,62.02A,Conseil en systèmes et logiciels informatiques,,,509152500,50915250000013,176 Avenue Charles de Gaulle,Neuilly-sur-Seine,92200,FR64509152500,www.pyrus-london.com,Lorraine Johnson | Pyrus | www.pyrus-london.com,2021-09-11T01:22:21.272Z,,,
Steve Roguski,Steve,Roguski,"Fairhaven Runners, Inc",www.fairhavenrunners.com,steve@fairhavenrunners.com,nominative@pro,Mr,"Fairhaven Runners,",www.linkedin.com/company/fairhaven-runners,Steve,Steve Roguski,Roguski,www.linkedin.com/in/steve-roguski-69786791,,,,+36 764955,,,,,,,www.fairhavenrunners.com,"Steve Roguski | Fairhaven Runners, Inc | www.fairhavenrunners.com",2021-09-11T01:22:33.564Z,,,
Bobby Williams,Bobby,Williams,Knomo,www.knomo.com,,,Mr,Knomo,www.linkedin.com/company/knomo,Bobby,Bobby Williams,Williams,www.linkedin.com/in/bobby-williams-796669b,,,,+44 20 3905 7176,,,,,,,www.knomo.com,Bobby Williams | Knomo | www.knomo.com,2021-09-11T01:22:40.797Z,No email found,,
Hayley Menzies,Hayley,Menzies,Hayley Menzies,www.hayleymenzies.com,hayley@hayleymenzies.com,nominative@pro,Mrs,Hayley Menzies,www.linkedin.com/company/hayley-menzies,Hayley,Hayley Menzies,Menzies,www.linkedin.com/in/hayleymenzies,,,,+44 7784 331582,,,,,,,www.hayleymenzies.com,Hayley Menzies | Hayley Menzies | www.hayleymenzies.com,2021-09-11T01:22:47.362Z,,,
Michael Nguyen,Michael,Nguyen,Garrison Bespoke,www.garrisonbespoke.com,,,Mr,Garrison Bespoke,www.linkedin.com/company/garrison-bespoke,Michael,Michael Nguyen,Nguyen,www.linkedin.com/in/michael-nguyen-73770b32,,,,+1 416-566-2041,,,,,,,www.garrisonbespoke.com,Michael Nguyen | Garrison Bespoke | www.garrisonbespoke.com,2021-09-11T01:22:53.716Z,No email found,,
John Hartman,,,Durango Silver Company,www.durangosilver.com,john@durangosilver.com,catch-all@pro,Mr,Durango Silver Company,www.linkedin.com/company/durango-silver-company,John,John Hartman,Hartman,www.linkedin.com/in/john-hartman-7021aa22,,,,+970 3752401,,,,,,,www.durangosilver.com,John Hartman | Durango Silver Company | www.durangosilver.com,2021-09-11T01:23:06.068Z,,,